SNP	CHR	POS	EA	OA	OR	PVAL
rs10188680:190449526:A:T	2	190449526	T	A	1.07	5.40E-08
rs10068599:170428979:T:C	5	170428979	T	C	1.09	6.90E-10
rs112716420:1382646:C:G	    7	1382646	    G	C	1.25	1.50E-18
rs10769894	11	8313948	    A	G	0.90	9.40E-14
rs58127855	18	59943413	T	C	3.03	6.30E-07
rs10208712:4034446:A:G  	2	4034446	    G	A	0.90	5.90E-23
rs10952927:88359060:A:G	    7	88359060	G	A	1.15	4.10E-21
rs111652004:47360367:G:T	15	47360367	T	G	0.83	1.50E-20
rs113851554	2	66523432	T	G	2.03	3.30E-276
rs12046503:107195339:T:C	1	107195339	C	T	1.16	7.10E-48
rs12450895:46772776:G:A	    17	46772776	A	G	1.09	1.30E-12
rs12962305:41870243:C:T	    18	41870243	T	C	1.06	4.50E-09
rs17636328:37490531:A:G	    6	37490531	G	A	0.89	2.70E-17
rs1820989	2	68069890	A	C	1.13	3.10E-32
rs1836229:8820573:A:G	    9	8820573	    G	A	0.91	6.20E-22
rs1848460:3448144:A:T	    3	3448144	    T	A	1.09	3.00E-15
rs340561:72848156:G:T	    13	72848156	T	G	1.08	2.50E-10
rs35987657	3	130535567	G	A	0.90	3.90E-21
rs365032:62795405:A:G	    20	62795405	G	A	1.11	1.50E-18
rs45544231:52632730:G:C 	16	52632730	G	C	0.81	3.90E-80
rs61192259:38453962:C:A 	6	38453962	C	A	0.79	1.90E-103
rs62535767:9290311:C:T	    9	9290311	    T	C	0.92	4.80E-14
rs80319144:159199835:C:T	2	159199835	T	C	0.90	5.50E-20
rs868036:68055013:T:A	    15	68055013	T	A	0.81	1.80E-74
rs996064	                15	35916797	T	A	1.21	4.40E-16
